Id,ORGANIZATION,NAME,GENDER,SPECIALITY,ADDRESS,CITY,STATE,ZIP,LAT,LON,ENCOUNTERS,PROCEDURES
586477e1-df0c-3111-962c-6b46fe25f7e4,74ab949d-17ac-3309-83a0-13b4405c66aa,Ted955 Reilly981,M,GENERAL PRACTICE,881 Main Street,Fitchburg,MA,01420,42.586487,-71.80521,206,0
4b284e0c-26c1-3b5e-a737-03a96046db42,e09d4c49-c2ef-3b0f-9a46-3719d9219306,Barbara209 Maldonado119,F,GENERAL PRACTICE,60 HOSPITAL RD,LEOMINSTER,MA,014533290,42.54031915,-71.76312990486304,86,0
88668b3f-67cd-3ab2-bbb5-0eec5ea3a806,e76b5eb0-0c9d-3593-b5da-3c0e9a97bb96,Gisele901 Lehner980,F,GENERAL PRACTICE,1400 VFW Parkway,West Roxbury,MA,02132,42.2793,-71.1657,356,0
21a7f0e9-631e-3e08-8a8c-324eaae918e5,77645e49-3f69-3d1d-bb93-dc65210e2fac,Vella930 Ankunding277,F,GENERAL PRACTICE,363 HIGHLAND AVE,FALL RIVER,MA,027205246,41.7093779,-71.1460783680883,68,0
49671606-e5b9-3a04-b221-29a7413fc00d,aa682136-a4df-3942-9f50-e6fcee6c0b73,Precious140 Runolfsson901,F,GENERAL PRACTICE,501 CORDWAINER DRIVE,NORWELL,MA,020611630,42.1647071,-70.88149077838713,24,0
bcc6badc-0cb3-3711-902a-313ce66a6a68,d2284f74-b6da-3a15-9791-84cdf2db18fb,Fernande593 Mosciski958,F,GENERAL PRACTICE,331 E FALMOUTH HWY,E FALMOUTH,MA,025366039,41.57853245,-70.5617374807812,35,0
e41463cd-416a-351a-8716-bc226e1bfd66,ab701a70-a658-340e-8f69-ee196a7d40c6,Jolie499 Parisian75,F,GENERAL PRACTICE,484 RTE 134,WORCESTER,MA,016071728,42.2625621,-71.8018877,8,0
c451aa91-184f-3630-9d2a-825ee712e2d3,11ba6a26-59b4-3728-a268-6dc9929962b4,Archie818 McCullough561,M,GENERAL PRACTICE,200 GOVERNORS AVENUE,MEDFORD,MA,021551644,42.42711615,-71.1121606632448,5,0
a6bbd83a-4af4-3a8d-a823-b4815571c3cd,52ecddd8-42f6-35cc-88a5-cf474c02fb49,Maxima831 Fahey393,F,GENERAL PRACTICE,94 OBERY STREET,PLYMOUTH,MA,023602130,41.93725,-70.65503160208334,14,0
c96d72f0-c0bc-3919-8d7f-90b822566cb2,05bcaa3e-aa5d-3b03-ba26-7e4d2e083681,Bok974 Howe413,F,GENERAL PRACTICE,1 LOVE LN,SOUTH DENNIS,MA,026603445,41.699084799999994,-70.13271830347861,1,0
309e2bc7-64ac-3a7f-b912-5ef714ab59f4,667b46fe-0afa-3f70-a311-bbe3d52db050,Mickey576 Borer986,F,GENERAL PRACTICE,757 BOSTON POST RD,WORCESTER,MA,016071728,42.231371,-72.165386,3,0
7565f1af-a310-3291-8c0b-7ef71e019ae3,bdc3ee76-9cf3-316d-b202-a8da1ea3fa20,Laverna97 Rippin620,F,GENERAL PRACTICE,130 RUMFORD AVENUE  SUITE 211,AUBURNDALE,MA,024661370,42.35853505,-71.24125521214887,2,0
35277179-599a-3ced-bfff-a5755c7d46d3,8e3ca57f-6f74-3d61-9803-ab1424290216,Concha418 Mann644,F,GENERAL PRACTICE,89 MORTON STREET,ANDOVER,MA,018102036,42.6551409,-71.12857340697036,12,0
9cc5dfa0-0219-3642-afb9-68a2b0fdcd7d,5fcff9db-16e4-3e56-aa78-abbc16338097,Margene509 Schamberger479,F,GENERAL PRACTICE,295 VARNUM AVE,WESTFORD,MA,018863513,42.5792583,-71.4378411,61,0
0b1e6521-5f26-34ff-bc7c-d621a006cdee,fa09396a-2926-3b21-ad0c-9f6cabbce0eb,Óscar156 Zaragoza109,M,GENERAL PRACTICE,1210 BOSTON PROVIDENCE TPKE,NORWOOD,MA,020625061,42.1714075,-71.1951186,11,0
419c0ee7-b0cf-381b-a325-cbda0fb35870,84abfbd5-41c1-3df4-9b31-7ca93cb2309a,Jean712 Block661,F,GENERAL PRACTICE,85 HERRICK ST,BEVERLY,MA,019151790,42.56415055,-70.8751357650672,28,0
0dac6a27-d34b-343d-82d8-7d9324789e2e,2e1eaaf1-ebb0-332c-8921-f48e15b91879,Delmer311 Nolan344,M,GENERAL PRACTICE,2 SEAPORT DRIVE,QUINCY,MA,021711599,42.29287335,-71.03019020136307,2,0
df91bae6-28cb-34af-afe8-63ff94cd0676,c272e12f-e154-3fee-b05d-b7c0cab2657d,Shasta644 King743,F,GENERAL PRACTICE,800 WASHINGTON ST,NORWOOD,MA,020623487,42.1886973,-71.2005241,17,0
0646e332-4649-3fb9-b86c-71c5f3c54781,b66db758-a205-3227-9cfb-bf19d2c1962d,Jamal145 Stroman228,M,GENERAL PRACTICE,121 HARVARD AVENUE  2ND FL,ALLSTON,MA,021342702,42.35241825,-71.13220132573996,2,0
eaa27c52-f588-3b2a-9751-d179ed1949f2,f6a306cf-7bd6-35f4-a6b7-2d07d273914c,Carolynn568 Von197,F,GENERAL PRACTICE,63 FOUNTAIN ST STE 402,FRAMINGHAM,MA,017026280,42.27595495,-71.42631150114194,62,0
83076288-a3ad-3d75-bfe0-e67f8310fa64,02c936e2-3aee-38b2-88a4-81f3689b7bb7,Royce974 Kohler843,F,GENERAL PRACTICE,120 FISHER AVENUE,BOSTON,MA,021203320,42.3276141,-71.1051603,1,0
119eaee3-a93c-369d-9d65-0b394246783a,2b84e56e-08b4-3078-b3ea-4d159208e065,Verda448 Bahringer146,F,GENERAL PRACTICE,1029 PLEASANT ST,BRIDGEWATER,MA,023242301,41.9718173,-71.00937893001648,78,0
cfde39ad-39e0-3bc3-bc09-125f8babab03,4ffa4412-1493-3beb-b8f0-6614dde953a4,Sulema841 Ryan260,F,GENERAL PRACTICE,363 HIGHLAND AVENUE,WAREHAM,MA,025715011,41.745636,-70.658192,695,0
b8171b8c-a9d7-37a0-be53-0d67c0f8bcbb,a14e698d-a9ba-3eae-9c8b-682ec726433d,Brian582 Cummerata161,M,GENERAL PRACTICE,776 WESTERN AVE,LYNN,MA,019052408,42.466763,-70.9494939,1,0
efa1da25-0fc6-3805-a585-a648bc47ead3,d4b9a3f0-210d-3e46-a2c7-e099658ac543,Ferdinand55 Moen819,M,GENERAL PRACTICE,7000 GREAT MEADOW ROAD,DEDHAM,MA,020264090,42.266408549999994,-71.19518435636284,3,0
baeffd65-6bec-38cb-870b-05554dea009a,5ba6765a-f335-36b0-9c6a-6bb494c5330d,Pablo44 Solís294,M,GENERAL PRACTICE,31 OLD ROUTE 7,WESTWOOD,MA,020902333,42.2139873,-71.2244987,252,0
02f2e67a-1b23-32fc-8715-6698bb4a9cc3,b6eeaaf7-1683-3bcb-b6ee-81ce304636ef,Zachery872 Pagac496,M,GENERAL PRACTICE,170 GOVERNORS AVE,MELROSE,MA,021763225,42.4564323,-71.064182,91,0
1809847e-5ce8-3136-a4f0-b7842c5fa051,d613e441-68e8-3502-8adb-3f770a1276bf,Colin861 Witting912,M,GENERAL PRACTICE,114 WATER ST,MILFORD,MA,017573007,42.13661855,-71.53474614336832,90,0
e75c32c2-a3f9-39df-b97a-77d0f8d24274,d3085315-9893-34c7-8889-3a31dc17c2b0,Zachery872 Rau926,M,GENERAL PRACTICE,1428 MAIN ST STE 7,WALPOLE,MA,020811729,42.1325911,-71.2618886,35,0
dddaaa6c-573c-338a-a5ce-7571d3f269b4,18061fd5-fda8-3e2d-87f0-0f3c87211bcc,Omer483 Koepp521,M,GENERAL PRACTICE,1493 CAMBRIDGE ST,SOMERVILLE,MA,021431408,42.3875968,-71.0994968,4,0
8172b3a8-fbe0-3420-a32b-c9cf091c31d3,7e97f720-f99d-3402-98a4-a144aaa5bd01,Damian46 Hansen121,M,GENERAL PRACTICE,210 JONES RD,FALMOUTH,MA,025402974,41.5614958,-70.6117407224321,91,0
bb8b2132-a2a2-3c61-962d-4ec6a380c7a6,1e11392b-1278-3e70-93cd-f396cbd0c265,Gerry91 Block661,F,GENERAL PRACTICE,115 LINCOLN ST,NATICK,MA,017607700,42.2843753,-71.3441395,25,0
f0afd767-be32-37f3-b173-3c705bdcbee5,fe30f2b4-9bc8-346e-afba-4455d1766545,Georgetta870 Turner526,F,GENERAL PRACTICE,17 LAFAYETTE AVENUE,CHELSEA,MA,021502010,42.40019115,-71.03050082480353,2,0
bb5f4942-71a5-36c7-b614-2327692a151e,6cf8a214-8d57-3267-85e5-7719e15cd63e,Michel472 Zulauf375,M,GENERAL PRACTICE,170 MORTON STREET,JAMAICA PLAIN,MA,021303735,42.299067750000006,-71.10124351911541,151,0
25a41e32-223e-3e41-af78-49c8225afb8f,13161e5b-02d2-3d19-8b48-26ef0becfc83,Erasmo545 Crooks415,M,GENERAL PRACTICE,165 CAPTAIN'S ROW,CHELSEA,MA,021504019,42.3917638,-71.0328284,3,0
33ef6d55-8a0e-3c23-ab0f-59a55682cb59,0fedae9f-701f-3317-9b2f-69aea2202cdc,Sharron285 Batz141,F,GENERAL PRACTICE,88 EAST NEWTON STREET,WINTHROP,MA,021522715,42.3750976,-70.982827,85,0
024d21f5-8a9c-3296-904a-9781789b1e63,86bbc3aa-e927-3d56-9d77-ab701b4b2926,Lucien408 Howe413,M,GENERAL PRACTICE,538 ROBESON STREET,FALL RIVER,MA,027205496,41.707225,-71.1432141111111,59,0
190857bf-cdf0-3b75-b14d-4644fcaf94fb,aade280a-3b90-3e48-9648-91109a964a63,Johna806 Klein929,F,GENERAL PRACTICE,909 SUMNER ST,DARTMOUTH,MA,027473826,41.6332267,-70.9879928,673,0
8947be25-4708-307c-8248-e92da56cfa2f,981338c4-287c-3621-bc45-8b0b9f1b8922,Denis399 Kohler843,M,GENERAL PRACTICE,640 BOLTON ST,MARLBOROUGH,MA,017523999,42.3658183,-71.55914630258509,26,0
31b33e03-7d39-3f5d-bdaa-c6fc1fb96a50,7a3b8310-02eb-3c47-aa1b-3f55b3ed9de9,Leif534 Dare640,M,GENERAL PRACTICE,6 HATFIELD ST,NORTHAMPTON,MA,010602545,42.333172950000005,-72.6566355591273,3,0
55973d97-8e4f-33b8-b301-3efa93c5ddf8,84de2bcf-1b1a-3ce2-9f6d-9e0cb34991f6,Jack927 Rippin620,M,GENERAL PRACTICE,45 DAN RD,WELLESLEY,MA,024813503,42.2964859,-71.2925571,17,0
f9338132-3cd5-3f6a-9f88-c1c928593cc5,980d9bfa-a344-3bff-8c02-232dd0e8fd34,Waylon572 Lakin515,M,GENERAL PRACTICE,100 TRADE CENTER SUITE G-700,WOBURN,MA,018011851,42.4792618,-71.1522766,74,0
cf76ce7c-e30d-3c7c-8e9e-3736a0601afd,f480acd0-7ef1-350d-aae6-d8e7d53ace57,Danelle47 Ondricka197,F,GENERAL PRACTICE,1193 SEA ST,QUINCY,MA,021693544,42.26883395,-70.95264075087945,19,0
0321009f-b050-309c-8d3e-76e892b2deba,440fa4b8-c731-3cf5-81d9-aa3f30a37b95,Joanna347 Abbott774,F,GENERAL PRACTICE,41 & 45 MALL ROAD,PEABODY,MA,019602901,42.5278731,-70.9286609,15,0
776800cc-9d60-3641-aad8-b154c8dfc657,0fab3c4e-a028-39a6-b15a-be5a88b6aa2a,Miyoko154 Paucek755,F,GENERAL PRACTICE,222 STATE STREET,LUDLOW,MA,010563437,42.15547415,-72.47222226666076,75,0
1317dd4b-39a6-3816-9347-ec14206580bf,3b021cb6-4745-3d9d-8436-230055f770bd,Eleni953 Franecki195,F,GENERAL PRACTICE,148 CHESTNUT ST,NEEDHAM,MA,024943238,42.27728075,-71.23665362814043,2,0
8c44ce18-f13d-368b-81aa-0c16a2ace6f2,83f59b06-c094-345b-afae-856f22c1ac2c,Rosemarie149 Gutmann970,F,GENERAL PRACTICE,255 Park Ave Suite # 900,Worcester,MA,01609,42.265556,-71.818665,2,0
d94f5b76-2e82-3331-9d9e-7ac9cb1d72dd,aaa7ebaf-b1a0-38c1-ba89-a16712cf431c,Violette536 Halvorson124,F,GENERAL PRACTICE,16 PLEASANT STREET,BRIDGEWATER,MA,023242420,41.98625885,-70.97978204646246,49,0
a67902e4-f222-3eb4-b41d-a54bc32dc520,ce53c877-0290-390a-b4b4-2462001a1713,Greg949 Hilll811,M,GENERAL PRACTICE,847 ROGERS STREET  SUITE 201,LOWELL,MA,018524345,42.6275246,-71.27673639687623,13,0
896d5c7d-2525-3cf2-a1a1-a1f0dc7f0e68,57e4e5fa-d68d-3caa-a5ad-37beb1b51207,Abdul218 White193,M,GENERAL PRACTICE,800 WASHINGTON ST,NORWOOD,MA,020623487,42.1886973,-71.2005241,13,0
b717b71c-0936-30db-94f0-e40bdb9f5fe5,2befa435-3070-3350-a15c-e43ac1e84b24,Dee580 Schuster709,M,GENERAL PRACTICE,575 BEECH STREET,HOLYOKE,MA,010406604,42.20105435,-72.628169560868,1,0
729bc2aa-e392-3eaa-ba8f-65409e4d6be2,00ffb204-07b4-3c72-a678-fa252e6cf86c,Kathlene786 Satterfield305,F,GENERAL PRACTICE,450 BEDFORD ST,LEXINGTON,MA,02420,42.47370735,-71.25090005,74,0
bf9ab999-8d2b-3113-9c32-ab9a747637f5,ad82d624-72eb-3c7d-a76d-79f2668d1390,Georgianne697 Howe413,F,GENERAL PRACTICE,3 WOODLAND RD,STONEHAM,MA,021801711,42.452443099999996,-71.08939988105112,16,0
539e22a5-9bd2-32ff-9517-ddfaf6334675,70a26106-6797-39f8-83e6-6bcf212b99ad,Zackary401 Mohr916,M,GENERAL PRACTICE,340 MAIN ST,WORCESTER,MA,016081601,42.53616075,-71.74831883675786,35,0
a64b53cd-ebde-3e41-9bd9-2a943694a436,b8421363-9807-3b16-a146-95336eea5cfb,Cleveland582 Kuphal363,M,GENERAL PRACTICE,30 LOCUST ST,NORTHAMPTON,MA,010602052,42.33032115,-72.65330802608176,180,0
b660bdf1-bc3e-39a0-97d8-ea45214d796f,8424b5ec-ba0a-32e9-94ae-a9d397884093,Booker670 Casper496,M,GENERAL PRACTICE,49 BLANCHARD STREET  SUITE 101,LAWRENCE,MA,018431456,42.69651155,-71.1612176954981,1,0
4bcbad01-d69a-326d-82b5-e06fbdb9d179,3498e7d3-90fd-366b-bc6a-6f41dad6bae6,Olympia319 Bradtke547,F,GENERAL PRACTICE,112 WEST MAIN STREET,NORTHBOROUGH,MA,015321824,42.318559050000005,-71.65097281611972,3,0
79273a56-43b8-33a7-92a2-2c1e0459899b,37111f41-8bc5-35d3-9cd9-5b447a11ffd1,Ilene33 Greenholt190,F,GENERAL PRACTICE,TEN INGALLS COURT,METHUEN,MA,018443712,42.7262016,-71.1908924,20,0
97c7e69b-9003-3fe8-8962-f714878464dd,68ea50ba-275f-3f6c-ad1f-0aefae7144eb,Alan320 West559,M,GENERAL PRACTICE,25 ARMORY ST,WEST NEWTON,MA,024652110,42.3504314,-71.21988040449209,1,0
6612801b-bf8e-3a8b-97f7-8ddd542d1476,1563fcb4-76a9-3ea4-863d-e276f38b9b3e,Elma843 McCullough561,F,GENERAL PRACTICE,700 ESSEX STREET,LAWRENCE,MA,018414396,42.7020708,-71.17231,45,0
3d3b1f72-912e-3f9e-af02-ba02d664bbdb,65f0254a-73a3-3b06-bced-54d511445535,Carla633 Cisneros174,F,GENERAL PRACTICE,720 BOSTON POST ROAD,MARLBOROUGH,MA,017523766,42.355106,-71.47654,1,0
833ed14a-fd79-3c9d-88e3-d12d9cf3c064,22249c0a-8ce9-3726-a3bb-b037c773ce5c,Leah288 Sauer652,F,GENERAL PRACTICE,337 NEPONSET AVENUE,DORCHESTER,MA,021223103,42.2875144,-71.0470691675753,15,0
5958fa95-0d85-3bfe-a0ca-706fcf7444cc,18df2721-3f76-3f83-94d5-63597cedd298,Victoria535 Delvalle807,F,GENERAL PRACTICE,909 SUMNER ST,STOUGHTON,MA,020723396,42.1005097,-71.0830269025407,29,0
98c9fadb-f91b-3848-b082-1069869f9fa8,2f735290-1603-31b5-b561-7c8e0d413170,Amado512 Adams676,M,GENERAL PRACTICE,100 FOXBOROUGH BLVD STE 230,FOXBOROUGH,MA,020352878,42.041851949999995,-71.23486657070565,38,0
e0755f56-09be-3ff2-81b1-65e2c169ad3a,27bf2e46-7445-35e7-9106-3ce1b074db47,Kathryn101 Donnelly343,F,GENERAL PRACTICE,80 BOSTON RD,NORTH BILLERICA,MA,018621034,42.5871093,-71.2948553,3,0
03c96507-aa48-3a82-b267-0620490398dd,200746fc-5d0f-3ec7-a2a9-3d9a219ee139,Latrisha74 Rippin620,F,GENERAL PRACTICE,800 CUMMINGS PARK  SUITE 3100,WOBURN,MA,018016355,42.4977745,-71.1237712,2,0
d077d036-d9cd-3527-a251-596fee1c78ed,f2068cee-c75c-321d-9b2c-c33535db89c9,Octavio643 Prosacco716,M,GENERAL PRACTICE,32 BOSSI AVE,RANDOLPH,MA,023682002,42.20017865,-71.0582074,94,0
b622a6ad-677a-35fc-9c2c-b6d5090ede42,9b1f8cd0-2246-3f4f-82df-23ea314c7665,Claudio955 Bruen238,M,GENERAL PRACTICE,800 ESSEX ST,LAWRENCE,MA,018414617,42.70162725,-71.1755487945157,2,0
a38bc1f1-f1e9-3da9-93bb-f7df211e5746,15d4c950-4691-3996-b4c4-bf06bfb58ff7,Alvin56 Crona259,M,GENERAL PRACTICE,70 EAST ST,METHUEN,MA,018445883,42.7285558,-71.16833738237946,922,0
433cf591-6a71-38eb-957e-50012d16b554,5018c664-e283-30eb-932a-529d9a19b3b5,Beatriz277 Monroy712,F,GENERAL PRACTICE,300 SOUTH ST,WOBURN,MA,018014979,42.473347,-71.144086,11,0
45375121-7d73-330f-a4e2-efbce8d8ebbc,2e8b42f8-4300-30a9-a576-d513d1021a0a,Chris95 Haag279,M,GENERAL PRACTICE,600 CLARK RD,TEWKSBURY,MA,018761699,42.63120935,-71.27023603178071,66,0
13316fe8-92eb-395a-a17e-ec9e9edeaf3b,d140ed3f-2696-3e78-bd77-1c959ec4fc4d,Orpha286 Marks830,F,GENERAL PRACTICE,863 HATHAWAY ROAD,NEW BEDFORD,MA,027401916,41.6512968,-70.9669902070805,7,0
c7c5b236-c049-34aa-8d9c-d3ced41dcfa6,1cff30ba-b91f-3ea2-b80b-770d67856358,Duncan491 Halvorson124,M,GENERAL PRACTICE,359 JONES RD,FALMOUTH,MA,025403341,41.5591273,-70.60352436630029,30,0
b727d66a-2d75-3cd9-90e8-417b72983146,d4e48a16-0a60-3e90-81e5-c35b22ffe6af,Elmer371 Kutch271,F,GENERAL PRACTICE,856 STATE RD,NORTH ADAMS,MA,012473027,42.69967208677275,-73.16330754755236,2,0
bedab723-dae5-36d9-a3dc-a23fe465dd50,a609d72c-6c90-3703-8500-02b8c9c0f6dc,Megan108 Dickens475,F,GENERAL PRACTICE,1000 NORTH ST,PITTSFIELD,MA,012011520,42.4680348,-73.24334506233173,1,0
0db9e0fa-3a92-3b3b-bdf5-84b2aacaaf1c,bccd7d67-203c-3d93-b6b0-bff5a146cd1d,Paulene52 Kihn564,F,GENERAL PRACTICE,286 WASHINGTON ST,STOUGHTON,MA,020721763,42.1384306,-71.1022598,179,0
966eb034-3de2-3e83-ac39-a81d2ae08a89,a2a41caf-758f-3962-8e5f-e6e603f93d17,Rhett759 Padberg411,M,GENERAL PRACTICE,111 HUNTOON MEMORIAL HWY,ROCHDALE,MA,015421305,42.2020225,-71.89891616754682,900,0
370ff565-508a-3a08-bec7-2ab07b84a91b,ca62a361-9c79-32d1-92cc-ffc0d5d19679,Benedict104 Barrows492,M,GENERAL PRACTICE,19 HENRY ST,SHARON,MA,020671714,42.109147300000004,-71.20768205338297,28,0
853066aa-7d92-358d-aec6-acca5a61a179,0d24cc89-3256-330c-b36d-d8de8babef84,Delicia67 Bernhard322,F,GENERAL PRACTICE,1030 FALMOUTH RD,SOUTH YARMOUTH,MA,026641218,41.6667779,-70.1847414,130,0
7ceda4f1-61ca-350d-b0f0-105898456aa6,db28cc9a-fdfb-35a6-aef7-ab9b933ef244,Carla633 Cano735,F,GENERAL PRACTICE,8 DANA STREET,CAMBRIDGE,MA,021385402,42.3694992,-71.11011030010101,5,0
47ccf094-44f4-38d9-a3a2-b96da58e84c3,844a8cb2-4164-35b2-88b8-dffa2889a738,Shemeka786 Conn188,F,GENERAL PRACTICE,150 UNIVERSITY DRIVE,AMHERST,MA,010022232,42.368937,-72.53247107203978,11,0
fdca7d63-bfcf-3f5e-b6ad-ca5747d0202e,a6fb79e7-4abb-3a68-b62d-e501427fdca4,Ricky354 Renner328,M,GENERAL PRACTICE,489 WASHINGTON ST STE 202,AUBURN,MA,015015709,42.187836,-71.83104,105,0
902f8a95-27b9-3490-a2c5-42491336fdd3,9d0e702d-50a0-3f4c-9126-0951d560fd4b,Hellen346 Roberts511,F,GENERAL PRACTICE,189 MAY ST,WORCESTER,MA,016024339,42.25986305,-71.83597786023279,239,0
ee05e779-1c85-3bca-b6b7-d0699782802d,c7542447-e06e-32cb-b6db-243c23a0dbc2,Carson894 Krajcik437,M,GENERAL PRACTICE,30 WARREN ST,BOSTON,MA,021353602,42.3501483,-71.14393324457691,147,0
0be2eab2-2d50-39bf-b4a1-d0a074ecf19f,d9fe2c9c-135e-3da3-8de8-1a0ff165d886,Bettina657 Marquardt819,F,GENERAL PRACTICE,1430 MAIN ST,WORCESTER,MA,016091121,42.2492003,-71.92931780325071,67,0
44d80a72-ef48-397e-9bb7-60a0c7b22e1e,50c47685-8125-3c50-8311-8bd7ba9e9108,Kirby843 McKenzie376,M,GENERAL PRACTICE,4199 WASHINGTON ST,ROSLINDALE,MA,021311733,42.2871447,-71.1277526,183,0
fd3b0970-6db5-3726-8f51-0a801fc6322f,87f3b181-1c52-3161-a15a-ea2d9a04b35f,Matha641 Gerhold939,F,GENERAL PRACTICE,565 TURNPIKE ST STE 71,NORTH ANDOVER,MA,018455936,42.664934200000005,-71.11635234067887,53,0
cb02d51f-fdd4-3972-9d02-d91b7bcd0bd3,a4b91172-69e7-3895-bd89-b9a0868de5c2,Shanita956 Wolff180,F,GENERAL PRACTICE,651 ORCHARD ST,NEW BEDFORD,MA,027441052,41.6149879,-70.93113851963673,29,0
4b42473c-8896-3365-8613-86da5450eec0,47fb5a56-bee5-3ecd-9958-706b20831c82,Karey608 Torp761,F,GENERAL PRACTICE,600 CUMMINGS CENTER  SUITE 270X,WOBURN,MA,018016356,42.4792618,-71.1522766,24,0
fd6137cf-1806-379d-868b-18136a0622b2,eee00932-ca82-36bc-b7e8-e3fff6dbaeaa,Cira533 Hane680,F,GENERAL PRACTICE,450 BROOKLINE AVE,WEYMOUTH,MA,021893141,42.2212188,-70.9391625,207,0
8ef91a4f-a496-3dd9-9738-388340832221,a194e94a-dd16-347e-95ea-8d00052c14d1,Irene779 Garza151,F,GENERAL PRACTICE,833 MAIN ST,S YARMOUTH,MA,026645254,41.65171785,-70.21464095380932,63,0
705d94b6-6e6e-37c4-a5c8-e1b7cfe15c09,be509ccb-bfb7-3b87-8945-8426b689ef9d,Man114 Balistreri607,M,GENERAL PRACTICE,2049 DORCHESTER AVENUE,BOSTON,MA,021244742,42.3554334,-71.060511,9,0
aeb3f54e-7870-3bdf-b100-6d3726477087,9fbf3c5e-5f22-3b9f-9032-39d6de320874,Julio255 Calvillo618,M,GENERAL PRACTICE,150 FLANDERS RD,WESTBOROUGH,MA,015811017,42.2770724,-71.5679154706427,30,0
3e587bf4-2b1c-355b-9511-a69136f18dfe,f8918a95-31e8-3ac4-8d12-29ca6080ebda,Rudolf736 Vandervort697,M,GENERAL PRACTICE,199 REEDSDALE RD,MILTON,MA,021863926,42.251368299999996,-71.0768393856917,1168,0
60a878e7-873c-3063-9395-cdd7d3ae7bb6,bce5b907-584b-345d-bbcf-912cf56cb6c3,Monte325 Parisian75,M,GENERAL PRACTICE,11-15 SANDERSDALE ROAD,WORCESTER,MA,016032467,42.0667952,-72.0084995,79,0
ddee3901-1749-3f26-824a-5c371df69c6b,9cec3b3c-fe3f-344e-b9c3-e414dafcd19f,Otis335 Dickens475,M,GENERAL PRACTICE,120 MAIN ST,MALDEN,MA,021486904,42.41918695,-71.06618960434116,1,0
5af7352f-98dc-3cd7-a77f-c8394acf35eb,3ff0f58b-7a1f-3334-9449-ff15f68b7d86,Winston220 McCullough561,M,GENERAL PRACTICE,275 SANDWICH ST,PLYMOUTH,MA,023607761,41.94186605,-70.6455366462985,72,0
ba2fea10-831c-311b-a55a-a8f112ea3f25,8ddbad9e-b5fc-3895-8a1c-17f32197a865,Robert854 Nicolas769,M,GENERAL PRACTICE,1455 MAIN STREET,CHATHAM,MA,026332083,41.6827332,-69.98755685244114,2,0
e9fb840d-a463-3981-b4cc-9d38c493fdf9,dac75bc1-cbfa-306b-9a0a-88d5edf3638d,Henry768 Ebert178,M,GENERAL PRACTICE,170 COREY ROAD,BRIGHTON,MA,021358244,42.3433093,-71.14003855124017,14,0
7f63cc68-60d9-3ae7-b3f9-023eeb000e84,371948e4-733a-33b6-a835-68abefdeb59f,Zachary28 Gleichner915,M,GENERAL PRACTICE,197 ADAMS RD,WILLIAMSTOWN,MA,012672930,42.704126099999996,-73.19043030392987,14,0
e17e00ef-6e8e-30d8-bb9d-ee653fee45a0,744bdf85-6223-367c-b1ab-e8c8e0a5eb28,Stella203 Hammes673,F,GENERAL PRACTICE,2 REEDSDALE RD,MILTON,MA,021863800,42.258080449999994,-71.08070895097364,76,0
285445f0-1770-3ff5-81c9-a628cfa5916a,9d283097-e706-3421-8b98-948b1fdadf30,Shaun461 Jast432,M,GENERAL PRACTICE,42 PROSPECT AVE,WEST SPRINGFIELD,MA,010894510,42.157666846720865,-72.63485704670578,1,0
305f9940-935c-31e6-b5ec-820b2067c79c,92d919ab-8380-3fda-a5f1-838e69b819c1,Velda682 Gutmann970,F,GENERAL PRACTICE,300 TRADECENTER STE 4750,WOBURN,MA,018017420,42.4994143,-71.161659,29,0
1e26ba8a-4a7b-3b76-a897-3e21ba966f7f,a2cc09de-c1e2-3126-8c09-d49f95225281,Cristi782 Leannon79,F,GENERAL PRACTICE,300 LONGWOOD AVE,WALTHAM,MA,024532741,42.3756401,-71.2358004,258,0
fa6a3101-1f6d-3a88-9ccb-31e91ac54185,9f2f60a6-87a4-3f45-b753-b63b5b7e9993,Maricruz991 Considine820,F,GENERAL PRACTICE,332 HANOVER STREET,BOSTON,MA,021131901,42.3647421,-71.0536619,52,0
58d40029-3191-3f99-a46b-dad63619d55d,44cb1162-a345-3477-8723-c202a3c8cdcd,Shaquita282 Graham902,F,GENERAL PRACTICE,73 W MAIN ST,HOPKINTON,MA,017481619,42.21799145,-71.54005509979045,40,0
67167489-4558-3d17-8727-3d2d5316f3b9,f312977e-8f41-3816-84cc-e5b12ba36955,Harlan808 Langosh790,M,GENERAL PRACTICE,1153 CENTRE ST,JAMAICA PLAIN,MA,021303446,42.3017598,-71.12855793387442,103,0
3e4af850-25a1-34d5-8212-3965a9969035,5c896155-eb9a-383e-9162-a43ebb7f1cc5,Nannie905 Mayert710,F,GENERAL PRACTICE,400 LINDEN PONDS WAY,HINGHAM,MA,020433784,42.1972249,-70.91712645007524,1,0
c44d4df6-c1a7-3c1d-a11c-5b7cc325e029,c5403c4f-14d5-3171-9227-a9b8327f3149,Tyler508 Ferry570,M,GENERAL PRACTICE,52 OLNEY RD,CHICOPEE,MA,010202103,42.1487691,-72.6071119,53,0
707acb9b-1e07-3c2e-aae0-2e98e25d0e3b,a730c5e6-a15f-3e36-8112-8579e507d330,Althea11 Ankunding277,F,GENERAL PRACTICE,28 LORD RD,MARLBOROUGH,MA,017524549,42.34718040987546,-71.57283065352654,30,0
b3bc8b74-f6de-3106-be53-a7447e34a92c,389323ef-b127-3a06-a22d-e24aef033e5d,Eugenio846 Streich926,M,GENERAL PRACTICE,200 PROVIDENCE HWY,DEDHAM,MA,020261881,42.22214545274341,-71.18159060546684,63,0
1325a8b0-8ca9-3699-8ead-1402d62e503b,5a6fa8a5-90e2-3f70-bb3e-3d9dd7ad2f96,Myrle831 D'Amore443,F,GENERAL PRACTICE,44 NEW LOMBARD RD,CHICOPEE,MA,010204857,42.1678446,-72.54203576723424,1,0
15c6bdb3-02c0-3903-8f5c-30b60cb1b64e,ce4d0501-49eb-396a-bc56-545fdfc624b0,Bea654 Daniel959,F,GENERAL PRACTICE,1 HOSPITAL RD,OAK BLUFFS,MA,025571406,41.46063105,-70.57989080295974,515,0
d6017d3b-8525-30c2-821f-911d6fd24e35,e69e7cbb-8362-30d1-83f2-3a0c492fe2b1,Chris95 Kub800,F,GENERAL PRACTICE,110 LONG POND RD,PLYMOUTH,MA,023602642,41.9255829,-70.65514326847389,137,0
9c601f13-28c5-3306-bd96-07dd04624884,9e469108-97a0-350a-b6ba-be2a286b3dcc,Tereasa291 Mueller846,F,GENERAL PRACTICE,150 FLANDERS RD,WESTBOROUGH,MA,015811017,42.2770724,-71.5679154706427,22,0
fe9121bc-0dba-36b0-859e-f4617ad6c4cd,afc661fd-71d9-3fc3-adf2-3fc3b5e8a140,Hyman89 Schmeler639,M,GENERAL PRACTICE,680 CENTRE ST,RAYNHAM,MA,02767,41.9487118,-71.0731008,148,0
4c2a5ad3-13c9-3283-88bc-3bd46d14cba8,be9a14c1-72a6-3186-b199-fdb070768458,Tanner110 Roob72,M,GENERAL PRACTICE,18 FRANCES ST,WOBURN,MA,018013006,42.488288600000004,-71.15015700746171,2,0
590855f0-f269-3afc-9eec-9264179f9cb7,06cc2462-430f-3322-9c87-7e971125f510,Kai187 Mann644,F,GENERAL PRACTICE,133 OLD ROAD TO 9 ACRE COR,WESTFORD,MA,018863198,42.5792583,-71.4378411,39,0
4ddd7590-d03f-3341-9a2e-4cc9192ecfcb,ee7fab6f-6438-394f-b1f2-3e452f8f055a,Domonique463 Satterfield305,F,GENERAL PRACTICE,75 BRIMBAL AVENUE,BEVERLY,MA,019156009,42.570099299999995,-70.87108224250409,3,0
5557e953-5244-3d3f-b834-7281d8199fc6,79508e39-d0b0-3613-9d54-168f6e1c3a18,Antonette454 Tromp100,F,GENERAL PRACTICE,200 GROTON ROAD,GROTON,MA,014502056,42.577352149999996,-71.57414587343038,90,0
57a1d8fa-e099-30d9-8d57-4c8783730461,907b1d2f-2bf8-31b5-abc2-14d6b75faa96,Lizeth852 Ernser583,F,GENERAL PRACTICE,340 MAPLE ST,MARLBOROUGH,MA,017523200,42.3358161,-71.54106510218209,33,0
eaa2414d-f5ec-3956-9d6b-bda5c1a6e765,922d1031-d968-39c2-b73c-d5a495c39068,Blanca837 Oquendo599,F,GENERAL PRACTICE,350 LINCOLN ST STE 1102,HINGHAM,MA,020432801,42.248735,-70.9209846,25,0
22518079-57b4-3eab-b5de-62219d70e802,352f2e3b-0708-3eb4-9f7e-e73a685bf379,Araceli695 Willms744,F,GENERAL PRACTICE,157 UNION ST,SOUTHBOROUGH,MA,017721215,42.3056501,-71.5245087,22,0
dbe9580f-f787-3a6e-9f2c-4e5168d19b75,5b142cbe-a07c-3f6e-9780-a563644f66e2,Ross213 Wisozk929,M,GENERAL PRACTICE,73 Huttleton Ave.  Unit 2,Fairhaven,MA,02719,41.6318,-70.8801,643,0
6e3b28b0-e01d-3514-9915-15766a97e05a,a2d45ee8-b930-3169-b612-f602961ad212,Valentine262 Leannon79,M,GENERAL PRACTICE,37 MINUTEMAN WAY,SHREWSBURY,MA,015452229,42.288207,-71.73443816915585,35,0
47b24a4e-bee0-37bb-a2b5-e757be2ae56e,4887dc20-9ef6-3cc2-9c56-858388049a50,Renato359 Kertzmann286,M,GENERAL PRACTICE,168 WEST CENTRAL STREET,NATICK,MA,017604122,42.282113100000004,-71.37898579435048,13,0
f0589c3a-34cd-3068-9086-cdacd27a50b3,4fa643ae-1f58-3c2e-9f33-0ba56345ad10,Sharyl439 Williamson769,F,GENERAL PRACTICE,361 MAIN ST,WAREHAM,MA,025712153,41.761384899999996,-70.71911431737183,16,0
30971f3d-ebdc-33a6-9ab9-aeffbd4be44d,fa34d205-5ac2-3ba2-80a4-bef345dc57f5,Lamar193 Daniel959,M,GENERAL PRACTICE,37 BROADWAY,ARLINGTON,MA,024745552,42.408086,-71.135914,1,0
609edb15-0754-36cf-9055-28aebd13b6e0,d0894f6b-78d7-338d-82ad-b63de4d40014,Lynsey2 Lemke654,F,GENERAL PRACTICE,330 MOUNT AUBURN STREET,WALTHAM,MA,02452,42.3756401,-71.2358004,7,0
acb9ce13-0c7e-3ba4-a913-a8a4fccfd397,3d5fbf38-c781-3e04-8c7e-5a402611b7d4,Vito638 Barton704,M,GENERAL PRACTICE,260 ELM ST,SOMERVILLE,MA,021442951,42.3955992,-71.1227391,166,0
c642b308-f9d3-3b56-ba9d-4d25c565aee5,2f67494e-f17e-3248-ba68-3ca42913cca1,Majorie11 Bergstrom287,F,GENERAL PRACTICE,184 MAIN STREET,FAIRHAVEN,MA,027193259,41.646106,-70.90865208079187,10,0
f56e3323-c214-3ee8-ba2b-988c45068b1c,52efa2e5-007f-3396-a83a-28ca015f0595,Walton167 Turner526,M,GENERAL PRACTICE,20 N PARK AVE STE 2200A,PLYMOUTH,MA,023604090,41.960434631488596,-70.67007876763536,3,0
95d9876c-42a5-3efc-95a4-9373ced9248e,fd938c9f-a355-3ec7-96f8-516240ea1ba2,Kandi717 Beahan375,F,GENERAL PRACTICE,529 MAIN ST STE 126,PLYMOUTH,MA,023604842,41.7664657,-70.7266525,1,0
7d0190c6-cfbc-3200-9786-bfece6c1dbe1,94ac48ba-e215-3ab9-ba88-a0b926d29cef,Nerissa37 Hahn503,F,GENERAL PRACTICE,300 WINTHROP STREET,MEDFORD,MA,021552311,42.421527,-71.11834,20,0
da17dfb5-07be-3133-8f91-23024fb7b90a,069b90f9-309b-35e4-b990-d1dbacb962cc,Thomas756 Strosin214,M,GENERAL PRACTICE,36 LOWER WESTFIELD ROAD,HOLYOKE,MA,010402749,42.16975305,-72.63488031242107,4,0
8682384c-84d4-3f6a-b0f3-fcd07e9fe251,2c2e6afc-9578-3ba5-bb12-eed97d3a823b,Sunni15 Schroeder447,F,GENERAL PRACTICE,405 RIVER ST,MATTAPAN,MA,021262210,42.2699017,-71.09061872585616,5,0
e7640b59-3d4b-30e8-abf6-8ea34650b7ff,f438b8e0-d856-328a-b193-2b014fc4cb97,Tyron580 Reinger292,M,GENERAL PRACTICE,981 VARNUM AVENUE,LOWELL,MA,018541913,42.64591185,-71.36487149058269,6,0
f74482f4-2ef5-32cd-b254-07fbca5df45a,a2047ff6-62f2-34d7-beb9-7e164d989c75,Frederic454 Larkin917,M,GENERAL PRACTICE,1200 CENTRE STREET,ROSLINDALE,MA,021311011,42.29768,-71.130463,73,0
f1737929-e136-38dd-9a1b-683c252602e3,a855314b-4fb5-37fc-8015-5caa96c928b1,Terrence276 Kiehn525,M,GENERAL PRACTICE,759 CHESTNUT ST,SPRINGFIELD,MA,011991001,42.121522049999996,-72.60300615153007,46,0
7ad37fe3-e47f-3683-b4e1-5a56771ded26,cabc0f0d-dcca-34a2-bc6b-519ed1cc7f74,Ronald408 Huels583,M,GENERAL PRACTICE,191 MERRIMACK ST STE 712,HAVERHILL,MA,018306199,42.7742236,-71.08181133783422,36,0
11ea62ef-9439-30f1-ac7d-10d7504b4c28,d3fe08e0-6fdc-36bc-8f88-c8b7654cdcd8,Eustolia154 Paucek755,F,GENERAL PRACTICE,545 SW CUTOFF STE 9,WORCESTER,MA,016071766,42.211685200000005,-71.7968399931798,1,0
42ec2037-f15e-37d0-84cf-6dc9906a5c3e,7b7ce654-a413-37d1-9d34-97240c0ac580,Landon622 Kihn564,M,GENERAL PRACTICE,1 WRENTHAM ST,BELLINGHAM,MA,020192532,42.025037350000005,-71.48945118224057,3,0
e9aacd8b-0fab-33ea-baf4-b69ada58d9cf,7b20d1c4-c56b-3647-801c-5e4e13679073,Mozell819 Prohaska837,F,GENERAL PRACTICE,275 SANDWICH ST,PLYMOUTH,MA,023602183,41.94186605,-70.6455366462985,28,0
14d9ae95-8723-3287-ad00-823a07aa4947,3e97ce4f-3ad7-3cea-883f-e2bb4ca89d83,Marisol435 Cedillo160,F,GENERAL PRACTICE,30 NEW CROSSING RD,READING,MA,018673270,42.51809619399502,-71.0959083715027,19,0
ba797a9b-7da0-3888-8a02-bd6d09622aa9,46daa26f-fda5-38a9-9c45-fda430d28fa6,Caryl47 Bernier607,F,GENERAL PRACTICE,25 RAILROAD SQUARE  SUITE 501,HAVERHILL,MA,018325721,42.7736752,-71.08561759491305,4,0
7a4a2913-a76e-3b59-85f4-d784c64fc864,c0132cf6-1703-3aad-89b4-cc2f2bbc123e,Neville893 Schoen8,M,GENERAL PRACTICE,66 NEWTON STREET,WALTHAM,MA,024536058,42.3746705,-71.22789736306842,4,0
f4e41223-0c07-3673-b55b-d7fe44a58086,d5920b72-ac1a-3ec4-81ca-e3b75cb7aadd,Merrilee429 Daugherty69,F,GENERAL PRACTICE,251 Causeway St.,Boston,MA,02114,42.3665,-71.05931,490,0
9bc31102-ba2f-379a-b668-766d410f44d2,71d9e7fe-5a34-3f11-8edb-f79c482785fe,Phillip440 Kunze215,M,GENERAL PRACTICE,42 CAPE RD,MILFORD,MA,017573292,42.1274477,-71.5195252,23,0
5b40ba13-fdd8-3c01-8f38-a20125bd89fe,4f59f709-8b84-3d27-a04b-c6b7b5544413,Natividad796 Davis923,F,GENERAL PRACTICE,70 BOLTWOOD WALK,AMHERST,MA,010022271,42.3768779,-72.51840280783739,61,0
c0cc76b4-d8d4-3937-b998-6c51d19cf321,51370692-6296-3150-8672-559fc73f964f,Jeromy156 Okuneva707,M,GENERAL PRACTICE,75 FRANCIS ST,WEST BRIDGEWATER,MA,023791542,42.0219112,-71.019004,184,0
642fbfad-b2bb-3751-b050-2bc30460aacb,b3312a2d-37e9-35a8-b50d-6c165c437baa,Eliseo499 Reinger292,M,GENERAL PRACTICE,45 DIMOCK ST,ROXBURY,MA,021191029,42.32030665,-71.09721114916246,108,0
7a0007cc-419c-3a30-bd31-9d78bb4e43f4,2836d9ac-c6a6-39d1-8f13-fdf0fc8928f4,Carlton317 Koch169,M,GENERAL PRACTICE,365 EAST ST,TEWKSBURY,MA,018761950,42.6069472,-71.2180803,60,0
01aeef98-c1d1-347e-b756-65efd13f14c3,82c72223-f521-3a34-9b9b-4ff366365399,Margaret865 Reinger292,F,GENERAL PRACTICE,2100 DORCHESTER AVENUE,QUINCY,MA,021691870,42.2509914,-71.0037374,50,0
02833df5-c96d-3150-a495-509657c23c7a,15e26ce3-9006-3ce2-9327-493180a15ec1,Luvenia178 Breitenberg711,F,GENERAL PRACTICE,6 GROVE ST,NORWELL,MA,020611534,42.172231693916025,-70.87836493029226,129,0
aa43d1ef-19e1-3d15-a58f-d1b3f4bdf3ad,7c625dc4-2593-31eb-95fd-6a912832b8bb,Imogene688 Braun514,F,GENERAL PRACTICE,980 WASHINGTON STREET  SUITE 124,DEDHAM,MA,020266704,42.228918,-71.18501264023513,5,0
a9c87452-916f-39d4-9a2a-be4c1da085ef,04b252db-4231-3cb5-963d-6f096fb4b97c,Lorie307 Grady603,F,GENERAL PRACTICE,1177 PROVIDENCE HIGHWAY,NORWOOD,MA,020625019,42.194543,-71.1994976,350,0
2b2c49d7-8b40-357e-9c0e-0880379ccf1c,83579123-f29c-39b8-9f5f-8f79e91683c7,Reggie481 Kassulke119,M,GENERAL PRACTICE,100 CENTURY DR,WORCESTER,MA,016061244,42.3138278,-71.7707002,100,0
55296a2a-534e-344c-a47f-4840c804e959,e2eab39c-5195-34aa-b35f-e89e37cfed01,January966 Roberts511,F,GENERAL PRACTICE,55 FOGG ROAD,WEYMOUTH,MA,021893141,42.175539799999996,-70.9539153674405,114,0
a38c0f23-e5ee-36f4-8e6d-1bf2934f625b,1de7e7d9-9a7a-3a3f-bf4c-b4de450711f2,Vince741 Morissette863,M,GENERAL PRACTICE,198 LITTLETON RD,WESTFORD,MA,018863429,42.564282,-71.42620615382347,5,0
400776b5-8e68-386b-b180-aa82c3bcbd8d,df3f566c-97e5-31ed-b0fe-4b452666f736,Mckinley734 Rodriguez71,M,GENERAL PRACTICE,300 CHESTNUT ST,NEEDHAM,MA,024922477,42.27522125,-71.23743483674366,12,0
abd6b38e-1201-3ff8-8f03-2c15028bc624,f5ccbb53-e4a0-32e5-a693-02150497a8f4,María Soledad68 González124,F,GENERAL PRACTICE,100 HIGHLAND ST,MILTON,MA,021863881,42.250705749999995,-71.07724199194602,74,0
9f45193a-f4bc-3ef1-bb46-2f4cbcd8579c,497f39dd-280e-3d58-af5b-c5e3a3a09b10,Randy380 Bergstrom287,F,GENERAL PRACTICE,27 PARK ST,HYANNIS,MA,026015230,41.65363635,-70.27352219234834,960,0
5f521307-f195-3124-a025-1f64db0390e5,f2a6c4f7-f5b2-361a-95c4-3d635b352a46,Marshall526 Lynch190,M,GENERAL PRACTICE,546 SOUTH STREET EAST,RAYNHAM,MA,027671079,41.8984957,-71.03751432894776,1,0
cc2b325d-d2ae-3a00-8f8e-80f86039390c,eaaf102d-0188-3a69-a751-030645e2a7b0,Cathey606 Kiehn525,F,GENERAL PRACTICE,605 MAIN STREET,WAREHAM,MA,025711031,41.76766153042966,-70.73096212925822,3,0
e6adefad-b809-373a-b0e9-2911619fdce4,0d7fd824-1c7b-3f8b-a662-f6c2005e82e1,Lyndon118 Trantow673,M,GENERAL PRACTICE,88 MASONIC HOME ROAD,CHARLTON,MA,015071394,42.1389039,-71.9782681,129,0
6ecc7b4c-af39-3ba5-bb9b-1f65710b1a61,a525d084-5a8f-3859-a048-2130a4092ec8,Linette249 Runte676,F,GENERAL PRACTICE,2 MOUNT ROYAL AVENUE  SUITE 350,MARLBOROUGH,MA,017521976,42.34042135,-71.57841367654626,10,0
589915f1-81c5-3ea4-8a08-505e2e754b6f,7445ae34-b648-3d3a-b8cf-0eb630061b6e,Pearline482 Pagac496,F,GENERAL PRACTICE,34 CEDAR ST STE 4,WEST ROXBURY,MA,021324338,42.2792649,-71.1494972,11,0
0d89f49d-6c52-376a-839b-b2cb3162f39c,390a2aa4-70b4-3a64-a12f-9bd777834c8d,Evangeline16 Howe413,F,GENERAL PRACTICE,710 MAIN STREET,HARWICH PORT,MA,026461931,41.669654699920855,-70.06169919459835,51,0
581057b1-a308-3934-83f4-7c028ab4455c,1ab2b5f9-cb95-3236-beec-9b9d4a407c61,Carroll471 Eichmann909,M,GENERAL PRACTICE,725 NORTH ST,PITTSFIELD,MA,012014109,42.4600752,-73.2492795834909,6,0
866b9149-f212-3de1-b620-f0e49a376a16,aebbaa5c-2d54-3002-8042-83f6513ccbd2,Kellee902 Buckridge80,F,GENERAL PRACTICE,14 TOWNSIDE LN,WALPOLE,MA,020813541,42.1528227,-71.24396289112357,74,0
0c9d36e0-7e9c-3289-8eb2-1c4833164a0f,41e2a44c-477c-3511-96f9-12c476aa3b6a,Antwan357 Lindgren255,M,GENERAL PRACTICE,85 E NEWTON ST,BOSTON,MA,021183553,42.336277100000004,-71.07085295687423,9,0
d44b48b5-3837-3802-be12-887c300c1e6e,f00601d0-d49e-30ed-bc3e-314379f2103e,Elijah719 White193,M,GENERAL PRACTICE,490 MAIN ST,MELROSE,MA,021763841,42.4550741,-71.0654799,27,0
641bf3c5-a4cb-3fe9-a0d0-35acd991240f,08a245b0-5f91-323e-a467-5df39c62fb75,Ray930 Lueilwitz711,M,GENERAL PRACTICE,39 QUEEN ST,WORCESTER,MA,016102433,42.2576289,-71.81397814307789,4,0
8f711dc4-8ec9-3344-9038-878241e087d5,9d41e4fc-9507-3ddb-82ad-966046fca031,Ashlyn643 Lehner980,F,GENERAL PRACTICE,104 RANDOLPH ROAD,WORCESTER,MA,016062465,42.29955605000001,-71.79838133819244,15,0
df37db6f-a101-3644-93aa-b5243528d380,5b0cd0a0-f277-3a66-bee6-d64b5be4a3f5,Maryann106 Hintz995,F,GENERAL PRACTICE,725 NORTH ST,PITTSFIELD,MA,012015493,42.4600752,-73.2492795834909,21,0
f57750c4-64e4-39cb-90ce-8a6a1df2e642,c8c30d67-e7cc-30ab-972d-28e97aff18a7,Donya787 Emmerich580,F,GENERAL PRACTICE,100A WARREN ST,BOSTON,MA,021242012,42.3279429,-71.0831806,28,0
162117ed-0337-3c45-8d2f-96accc744543,79a06fd6-9f2b-35e3-9b11-0bc5ff89e17c,Lady554 Kovacek682,F,GENERAL PRACTICE,225 Boston Road  Suite 107,Lynn,MA,01904,42.470093,-70.95994,238,0
38978626-6874-3658-b011-c039d704c7fa,4956f573-3dc2-3a67-9692-2f57451744e6,Kathe603 Davis923,F,GENERAL PRACTICE,400 BOLTON STREET,MARLBOROUGH,MA,017523912,42.35966285,-71.55290125539051,1,0
22561962-27a6-30dd-a6d9-c4f7344b9d0f,b44955d1-f0e2-3beb-a013-708a81dbe430,Jerónimo599 Alba338,M,GENERAL PRACTICE,680 CENTRE ST,WEST BRIDGEWATER,MA,023791600,42.0219112,-71.019004,67,0
42e83964-b362-3a2f-9f43-cf0fd1f39698,363631be-d437-3548-98c2-d10b909c1721,Monty345 Ferry570,M,GENERAL PRACTICE,50 MANSION DRIVE,ROWLEY,MA,019691026,42.73718535100735,-70.88053187301136,5,0
4087a492-26ed-3d91-99c4-1625e2a8b983,67d2f85b-ddc7-3ed0-b90b-6fa5b7b8358a,Marshall526 Jenkins714,M,GENERAL PRACTICE,43 FOUNDRY AVE,WALTHAM,MA,024538313,42.37050535,-71.21908334877376,71,0
471f50b8-737b-3834-ae8d-dccdd01cc4ee,ce89d7ed-54eb-3eae-881a-15df8e631c47,Silvia880 Howe413,F,GENERAL PRACTICE,36 WILLIAM STREET,LEOMINSTER,MA,014533276,42.5267443,-71.7614891,56,0
29cc3499-5af6-3773-80b9-6c0d7abb2d51,0d9b0d22-585e-3fd8-ab02-26b5be7915d1,Jean712 Koelpin146,F,GENERAL PRACTICE,516 CAREW ST,SPRINGFIELD,MA,011042330,42.12133575,-72.59217953646302,23,0
8653d022-99c0-3f51-836b-b1bd3741cece,1853aeef-5897-326a-80d6-aa4b0459eb6d,Kendra609 Kassulke119,F,GENERAL PRACTICE,381 WICKENDEN ST,ATTLEBORO,MA,027032247,41.9438129,-71.2806515,3,0
57f6866a-fb2a-3e98-af71-9bafcc17dbd6,94dda4e1-7476-367a-b1f8-37ea7f61a1b7,Dylan44 Robel940,M,GENERAL PRACTICE,145 WARD HILL AVENUE,WESTBOROUGH,MA,015811017,42.2694308,-71.6129907,3,0
8772d8a9-384a-39f7-a7f6-06840a1d2414,2ca615f3-87f7-3283-a447-d919a883b676,Roberto515 Macías944,M,GENERAL PRACTICE,1399 WASHINGTON ST,HANOVER,MA,023391653,42.1441354,-70.8440854,7,0
33572797-0740-33e7-a71f-32c4dc10bb1a,c0a33465-d309-3d2a-932e-9d554a7cc19c,Veronika907 Rogahn59,F,GENERAL PRACTICE,100 CENTURY DR,WORCESTER,MA,016061244,42.3138278,-71.7707002,205,0
fb169581-ddb9-3963-8c43-c2d296e858e9,0a689d33-2b0d-3942-8de8-e28812e91c69,Clora637 Pagac496,F,GENERAL PRACTICE,47 SEAVERNS AVE # 5,BROOKLINE,MA,024463806,42.3317642,-71.1211635,66,0
9727edcf-e7cb-3a19-9e2d-d69569d60f66,cac6f8b3-eafd-31b3-9fa3-8015752ccc2c,Jessie665 Pagac496,M,GENERAL PRACTICE,123 SUMMER ST,WORCESTER,MA,016081216,42.26496835,-71.79655403681465,40,0
e6b99e64-ec3d-38d8-99e4-adcf3ef56851,e02d9c87-52cb-3f3c-9f97-fe95f260c437,Sheldon401 Hoeger474,M,GENERAL PRACTICE,321 MANLEY STREET,WEST BRIDGEWATER,MA,023791022,42.0338457,-71.05496436428572,1,0
f811a496-6a1e-341f-bf11-ba67ec0b87d4,6e517750-a29e-3170-a02b-5733ff523458,Margarita164 Abbott774,F,GENERAL PRACTICE,101 BARRY RD,WORCESTER,MA,016091275,42.3030701,-71.8333408960994,28,0
3eb6349e-2f18-3730-9026-2813013413f6,1b3fe590-8793-3f08-865d-01fc425a84d4,Mathilde204 Wintheiser220,F,GENERAL PRACTICE,1340 BOYLSTON ST,BOSTON,MA,022154302,42.34392675,-71.09888049065322,55,0
bf7c01e2-cb5e-3b0c-84e0-133d6e7dcd66,3f12ebb4-e03c-3453-88d2-4fc9682383df,Irina619 Stiedemann542,F,GENERAL PRACTICE,726 COUNTY ST,NORTH DARTMOUTH,MA,027473603,41.6389926,-70.9703171,50,0
cd705738-c2f3-31cd-9c49-a3ee6ae20ecd,9c9d017c-0a4d-3e03-9802-4d310ea05c71,Isiah14 Schaefer657,M,GENERAL PRACTICE,70 FULTON ST,BOSTON,MA,021091402,42.362439499999994,-71.05377386223965,1,0
120bec6b-14dd-361b-a8b1-4f32fa28a9de,8af3b144-0e1a-3c90-937d-81a4ed026080,Guillermo498 Fay398,M,GENERAL PRACTICE,800 WASHINGTON STREET,NORWOOD,MA,020623489,42.1886973,-71.2005241,192,0
14c511e2-783f-3f1e-b145-4987e6a6621b,9fdce5d5-d4d0-3156-a8d5-8757bfe4e9b3,Pamelia915 Kilback373,F,GENERAL PRACTICE,1 FARMER CIR,ARLINGTON,MA,024742866,42.42405225,-71.16792616556859,34,0
014b685c-3907-323b-b48b-393590219659,b014aec7-7bd8-351f-8808-3e280cbc5be6,Rosaria177 Volkman526,F,GENERAL PRACTICE,70 EAST ST,HAVERHILL,MA,018306700,42.7777829,-71.0767724,25,0
b6f153e8-1955-3afd-bc48-610a37893026,b3b56527-d366-3353-bca9-266a12f23051,Obdulia648 Schroeder447,F,GENERAL PRACTICE,60 QUAKER HIGHWAY,UXBRIDGE,MA,015691628,42.06100105,-71.62352848737622,18,0
4f0b7017-b51f-364a-ad15-75a50b4cd5c7,f1664435-2eca-3eff-bd1a-13701e7ad1bd,Elvin140 Marks830,M,GENERAL PRACTICE,300 PASTEUR DRIVE,NEWTON,MA,024592058,42.3370414,-71.2092214,31,0
baf47e34-5b71-36b5-a26e-b7b12046d085,125eccb3-d003-34ea-9bd8-360dff059782,Mickey576 Gerlach374,M,GENERAL PRACTICE,125 PARKER HILL AVENUE,DEDHAM,MA,020266146,42.2489143,-71.1755732,104,0
0e9db038-0bfb-386c-bc2a-1b8bab97b2c1,c5742266-625d-3824-9ed3-4b5c6bc3e296,Rod343 Goyette777,M,GENERAL PRACTICE,22 BRAMHALL ST,SCITUATE,MA,020664312,42.1939754,-70.7697128,39,0
9a9e3ad2-d101-3253-ae7a-13cbaad799ac,b242f971-3c74-3778-b148-81366c1e6a3f,Leland44 Bernier607,M,GENERAL PRACTICE,10 CAREMATRIX DR,DEDHAM,MA,020266149,42.2270762,-71.17237295563174,29,0
a4d860f2-ec2b-3ff1-b745-530e47f62de1,e5b9db6a-8dd8-3622-b9ce-3dc593e111d1,Carmelita854 Tromp100,F,GENERAL PRACTICE,1223 BEACON ST STE A,BROOKLINE,MA,024465332,42.3430087,-71.1170155,32,0
f48543d7-5831-375d-81ec-c6c5cb686442,36c8b677-a6ce-3266-b71e-ed86d778d0fa,Jerrell6 Rippin620,M,GENERAL PRACTICE,300 FRIBERG PKWY,WESTBOROUGH,MA,015813900,42.28350315,-71.58027718702151,30,0
b58c2fe6-693e-341b-91ec-22b0cf243de0,aad05540-c9cb-3805-b3c4-f9b9d9b42b2e,Quentin28 Fritsch593,M,GENERAL PRACTICE,821 E MAIN ST STE 3,CHICOPEE,MA,010206306,42.155774795300516,-72.55672263289513,100,0
b7cd7305-a12e-39df-9539-c779c5f5a06a,19a3afba-b409-3650-a0ab-f3faf6e391ef,Patrina117 Strosin214,F,GENERAL PRACTICE,199 REEDSDALE RD,WALTHAM,MA,024511433,42.3756401,-71.2358004,65,0
3214ff56-ad72-3a94-a214-4301331de486,76b7dbb5-0a02-32a4-9a01-3511f7e45016,Emerita401 Satterfield305,F,GENERAL PRACTICE,59 COUNTRY WAY,SCITUATE,MA,020663746,42.1806871,-70.74862935148246,11,0
dc82404b-b853-34bf-8ea3-08798c8dec39,d9b71ccf-6649-3555-9e99-44eac0af257f,Javier97 Collier206,M,GENERAL PRACTICE,655 DEDHAM ST,WRENTHAM,MA,020931135,42.084901,-71.30689224201797,2,0
43b9d8fe-b235-392d-acbb-6f55beb384a6,e68de1a0-767e-3466-b9a6-43948ee073d3,Mariano761 Pagan507,M,GENERAL PRACTICE,160 WELLS AVENUE,NEWTON,MA,024593302,42.29337605,-71.19806353028767,5,0
a14f9965-d5f5-34c9-aba0-013eef4410e4,5862e05c-9533-3f7a-8f73-215d50f5ee2f,Emilio417 Barton704,M,GENERAL PRACTICE,1200 CENTRE ST,ROSLINDALE,MA,021311000,42.29768,-71.130463,184,0
606d41c0-2894-300a-9ee7-20717f95ef08,ec7e487e-7e78-3eac-a9ee-37f8de98a0f9,Esperanza675 Zepeda235,F,GENERAL PRACTICE,277 WASHINGTON STREET,ABINGTON,MA,023512489,42.10060947239023,-70.94967338146704,3,0
101161b8-d60f-3991-9b41-b03449b9a152,a5577e5c-b886-37a0-8eee-8ff6feb7ea6b,Leopoldo762 Keebler762,M,GENERAL PRACTICE,330 MOUNT AUBURN ST,CAMBRIDGE,MA,021385502,42.3741033,-71.13417575971958,487,0
ab2d94a0-4aa3-3164-a67b-41b41e251bbb,5581e43d-0463-3a0b-afc7-a60aea5ac96c,Brock407 VonRueden376,M,GENERAL PRACTICE,57 RIVER RD,ANDOVER,MA,018101144,42.69112645,-71.19636086287642,84,0
910ac751-b1e6-3a86-90a3-11f56dc05b17,9485907a-9f9c-3c19-a424-b402ee8f99c2,Tynisha348 Bogisich202,F,GENERAL PRACTICE,101 PLANTATION STREET,WORCESTER,MA,016043025,42.258026400000006,-71.78384882397785,4,0
b44c62a7-cea9-33bf-bf14-eb22662a13b2,e7722de2-0e62-3dc9-a163-a7003956673b,Charlena802 Lockman863,F,GENERAL PRACTICE,1 EDGEWATER DRIVE  SUITE 103,NORWOOD,MA,020624669,42.16153305,-71.20162617190071,18,0
f383f19a-51f2-32f7-ab60-ba4e5b27a071,966245ce-e84d-36b0-a838-2e0b5bb2e668,Refugio197 Crooks415,M,GENERAL PRACTICE,1425 BLUE HILL AVENUE,MATTAPAN,MA,021262122,42.2754929,-71.09384131587021,145,0
3a66209f-a6b7-3298-8340-e6a11adbe941,b574fc4f-313c-38a4-9baf-7e12e431a499,Georgeanna785 Schulist381,F,GENERAL PRACTICE,511 W GROVE ST,MIDDLEBORO,MA,023461479,41.90036455,-70.9535889372234,94,0
1b87eaf0-c07e-35af-99d9-94f24d6fec75,9656a864-3b93-356f-9fa6-d7988e249977,France571 Feil794,F,GENERAL PRACTICE,950 N MAIN ST STE 203,RANDOLPH,MA,023683064,42.1871612,-71.0568102,29,0
48740d24-077b-3b0f-8262-05d099740a15,4eddfa13-f996-3048-9bbc-541b0a29038a,Vince741 Schmidt332,M,GENERAL PRACTICE,736 CAMBRIDGE ST,BRIGHTON,MA,021353601,42.348649949999995,-71.14799584850206,31,0
64d70c4e-7625-3a49-8be0-0e268bf58e0c,845fbd9b-2d1c-39a8-8261-28ae40e4fab2,Sam879 Rippin620,F,GENERAL PRACTICE,14 PROSPECT STREET,UPTON,MA,015681431,42.1700209025178,-71.59409308099494,336,0
20c7b497-937c-3904-bfd3-f95ae6af19e7,bac9dc0c-cb0f-3fa6-aa12-819dd0fb922a,Floy720 Greenfelder433,F,GENERAL PRACTICE,1493 CAMBRIDGE ST,SOMERVILLE,MA,021452935,42.3875968,-71.0994968,557,0
b38210fa-628a-3fa1-8f59-cb7f22227079,84d5768f-3a21-3da9-aad2-bbf7a3ae2700,Hank686 Schneider199,M,GENERAL PRACTICE,817 MERRIMACK ST,LOWELL,MA,018543548,42.650296999999995,-71.32263756223612,34,0
f6b61911-7d2f-3a13-b513-00f739e3d452,af8566eb-8918-3ec7-ba44-92b6a2cf8097,Madelaine318 Walker122,F,GENERAL PRACTICE,81 HIGHLAND AVE,SALEM,MA,019702714,42.5112107,-70.90516241826194,153,0
0f4abdcc-9be1-3d1d-9234-3bb7032eaca5,d4a03501-69f6-3a89-ac27-ed25976fdb6f,Clarence5 Hyatt152,M,GENERAL PRACTICE,25 WOODLAND ROAD,STONEHAM,MA,021801705,42.450448800000004,-71.09076944938434,3,0
8ef15c4c-2c75-3e83-882d-3e0bb74e2e69,4058ca7b-c48b-3aaf-8de9-fc421f6a9e1c,Robert854 Klein929,M,GENERAL PRACTICE,199 ANDOVER STREET ROUTE 114W,PEABODY,MA,019601630,42.5278731,-70.9286609,1,0
0203aaf7-a110-3294-a3b3-6dd32d81d15b,ecd3b321-0a8a-3ce6-81f0-982dd77fce43,Tracie996 Lesch175,F,GENERAL PRACTICE,25 HIGHLAND AVE,NEWBURYPORT,MA,019503867,42.81369325,-70.89091645747592,173,0
af54207f-089a-399a-a1bf-a6da67f29a4f,058176fd-cbb0-328b-8411-c19f5045032d,Dion244 Sanford861,M,GENERAL PRACTICE,840 EMERSON GARDENS ROAD,LEXINGTON,MA,02420,42.43761961817366,-71.19888753880475,34,0
9f677d0c-898d-35bd-a0e5-d5b0b56a58d0,a036cdf2-bbc5-3ffd-987f-56e437fd8b74,Lashanda692 Gutmann970,F,GENERAL PRACTICE,265 N MAIN ST,SOUTH YARMOUTH,MA,026642083,41.680980000000005,-70.18292625685085,38,0
e7309790-5db8-3bbc-9038-9e05d205228f,69cb2157-b620-3c51-9c94-f516462d2d55,Anh979 Schroeder447,F,GENERAL PRACTICE,11 WATER ST,ARLINGTON,MA,02476,42.41642055,-71.15424293038585,49,0
43743392-2fc6-3c45-a915-42d3447516e8,615416de-5217-3c11-9828-2d4bacd1d9cb,Brooks264 Williamson769,M,GENERAL PRACTICE,434 ROUTE 134,HYANNIS,MA,026011854,41.6753274,-70.309939,1,0
dc35bffe-5bf0-3a15-abd6-c554e5fde559,f90ef475-defe-363d-a926-573b38f804a2,Kristopher775 Schiller186,M,GENERAL PRACTICE,54 HOPEDALE ST,HOPKINTON,MA,017481672,42.2288875,-71.5196439,29,0
f2079230-710a-3bec-8c1d-f8be25edce38,a25107f7-f4f5-36fc-98e4-f3e1b5875c91,Yesenia104 Wilderman619,F,GENERAL PRACTICE,1285 BEACON ST,WOBURN,MA,018012157,42.4979478,-71.1684508,41,0
3608d65c-2d91-3a92-b662-a9e05efb14bd,3662bcd2-07cc-364c-bd86-161bb738aacf,Andy346 Dare640,M,GENERAL PRACTICE,1340 CENTRE ST STE 208,NEWTON,MA,024611900,42.3281027,-71.19582114345262,1,0
be7e435d-f553-3af2-b008-dfb64bacc341,ed43f171-1ac1-3f08-aef5-0f62c515cf4d,Shelli447 Schowalter414,F,GENERAL PRACTICE,184 TER HEUN DR,FALMOUTH,MA,025403160,41.56534135,-70.62534898297048,1,0
ac5b262f-422a-3e9c-92bd-b34e4c4a2d68,bdd9ad72-443a-3563-a626-4c45f6d058b2,Pedro316 Ozuna605,M,GENERAL PRACTICE,147 PELHAM STREET,WORCESTER,MA,016072105,42.265209,-71.814005,12,0
0772c69e-3a33-3993-9988-f44b2af8c662,05fcf001-ab24-3d7d-85f7-f64942d82738,Nickolas58 Schumm995,M,GENERAL PRACTICE,250 POND STREET,FRAMINGHAM,MA,017014592,42.2838619,-71.4093719,473,0
84eccdc4-44f3-3a76-b41c-1cbe4d3e2b61,7e6db51f-7c1b-3555-9e1c-6269ba6d704d,Jacque955 Streich926,F,GENERAL PRACTICE,120 STAFFORD STREET SUITE 206,WORCESTER,MA,016031461,42.239638,-71.8443785891577,18,0
b62bfb4b-dfa4-3b12-b411-ad754429fd59,e7b77e8f-b607-3273-aef9-ad1bca48813f,Ivonne773 Turcotte120,F,GENERAL PRACTICE,209 W CENTRAL ST STE 216,NATICK,MA,017603716,42.28202598359604,-71.3899479380402,42,0
96f70d71-29c0-3e06-884d-6af469a7b044,05cd3fbb-08ce-38bf-b680-721a3e902d43,Lita714 White193,F,GENERAL PRACTICE,9 WARREN CT,SALEM,MA,019703163,42.51586993877551,-70.90514912244899,76,0
45e6d71e-c8b7-30fa-b71c-e8fec3789c02,0e3a24c3-b772-3059-b3fd-8a4710068a82,Malka46 Gerhold939,F,GENERAL PRACTICE,416 BROADWAY,RAYNHAM,MA,027671737,41.940680799999996,-71.07864352196617,28,0
11af85a8-bc0c-36f3-a787-b55e14459916,e5d50afe-8c7d-35f5-96f5-fb8941403b0f,Amparo58 Hayes766,F,GENERAL PRACTICE,125 S CLARK ST STE 900,FALL RIVER,MA,02722,41.74223,-71.129706,35,0
af4684e3-2b3a-343a-b00b-6b49e80f10fb,9adfae03-673d-365d-9052-f705098fa3e4,Sharilyn202 Wolff180,F,GENERAL PRACTICE,51 BLOSSOM ST,BOSTON,MA,021142699,42.36305545,-71.06643399281765,32,0
67cf4838-2489-3641-a7c5-c63d74efad3f,48a07866-e8d7-3268-aa3c-ca3237c8e6f3,Moshe758 Stamm704,M,GENERAL PRACTICE,188 PROVIDENCE ST,HYDE PARK,MA,021361861,42.2682551,-71.12174592925336,34,0
c8f7a5ef-884a-35f2-b665-f061fd3467ed,25431f9a-00e4-36d8-9810-4125328eec50,Paris331 Ruecker817,M,GENERAL PRACTICE,55 FRUIT ST,WALTHAM,MA,02451,42.3756401,-71.2358004,84,0
d35c6d6a-cf48-34e1-a272-769c34f98cde,15d0e449-642a-3d9e-8629-16c7e4a9e4b4,Britt177 Schmitt836,M,GENERAL PRACTICE,71 CENTER ST,FAIRHAVEN,MA,027193822,41.635798300000005,-70.90010980146215,1,0
6a0e7baf-ff84-3ac6-a5b1-1da10ff75afe,c1a85a41-6758-3edc-95ec-238b8ac72a40,Wilhemina814 Lesch175,F,GENERAL PRACTICE,65 CENTRAL ST,GEORGETOWN,MA,018332112,42.7211656,-70.99324119227308,8,0
76949c5d-f9ac-3864-a11a-934ac09bf8b0,01bde980-bf89-3138-8912-7360dff33247,Caroline183 Lang846,F,GENERAL PRACTICE,456 PARK AVE,WORCESTER,MA,016101254,42.25512735,-71.82580924803523,43,0
05dbf1e8-a130-3786-8514-a3fe83ab0bc6,217cb6f6-e822-3831-9d9d-ffa104971042,Cira533 Jakubowski832,F,GENERAL PRACTICE,2 REHABILITATION WAY,WOBURN,MA,018016003,42.46352265,-71.161925472006,390,0
a76a5afd-2738-3441-9c2c-6f5b3ea9a392,8a6e21d0-da20-3378-8176-4e5ad2b51983,Wes853 Torphy630,M,GENERAL PRACTICE,84 ELM STREET,HOLLISTON,MA,017462138,42.20234485,-71.42493275079366,58,0
d791ea9d-dc78-3c91-b83b-4c2f6ae85d0b,4e56c7ec-99e5-3023-8e4f-95ad18a03f06,Duane703 Bosco882,M,GENERAL PRACTICE,28 RIVERSIDE DR STE 101,PEMBROKE,MA,023594947,42.11004715,-70.77534154695786,23,0
ae3f593b-ef7e-3bb4-9946-40e3e4f7c599,e2a8b444-9b8f-36ff-84c4-05ee98589482,Elmer371 Gusikowski974,M,GENERAL PRACTICE,8 SHIPWAY PL # C-8,CHARLESTOWN,MA,021294301,42.3778749,-71.0619957,125,0
c0360521-6d16-3248-b05d-4fefec23593c,71f4c23f-7559-31ff-8f42-a672e80b85a2,Sallie654 Jast432,F,GENERAL PRACTICE,300 FIRST AVENUE,WESTBOROUGH,MA,015812831,42.2694308,-71.6129907,3,0
2a5e85ce-891b-3589-ae83-73b5fcb984fb,05f80ed8-6a7a-3728-8b5c-c5c995c8244a,Peter292 Cartwright189,M,GENERAL PRACTICE,150 South Huntington Avenue,Jamaica Plain,MA,02130,42.32809,-71.11076,582,0
b32b1cfd-d5d2-3247-88be-feb9800273e9,3517aff1-b163-3cd5-8fff-19710fcdc1b7,Brendan864 Cremin516,M,GENERAL PRACTICE,400 HEMENWAY STREET,MARLBOROUGH,MA,017526762,42.36006255767826,-71.5077613040944,3,0
1f392648-777c-33cd-bb32-f8ab878607ee,121b0ad1-1beb-3caa-9271-3d3f726bb727,Kyoko885 Price929,F,GENERAL PRACTICE,1030 MAIN STREET,WALTHAM,MA,024517447,42.375828,-71.2527956,18,0
148f8862-973b-3d4c-91e4-f93cc86fa546,43f37d29-0bcb-3d84-b9c0-9ee4f2485ff2,Boris111 Romaguera67,M,GENERAL PRACTICE,168 WALTON RD UNIT 19,ROWLEY,MA,019692014,42.7136977,-70.8818364,44,0
7d896f1e-a606-3ff1-817f-90c433c1eaf7,db60692f-cbef-315b-9fce-38a7f015c482,Kathi607 Hilpert278,F,GENERAL PRACTICE,72 SHARPE STREET,SCITUATE,MA,020664534,42.1939754,-70.7697128,53,0
28a279e1-6bdd-3e9c-aaed-92fd894d26f1,883f57b8-89c6-3dc4-b6da-047705c88623,Blanche121 Bailey598,F,GENERAL PRACTICE,363 HIGHLAND AVE,FALL RIVER,MA,027203703,41.7093779,-71.1460783680883,34,0
e0239baf-b187-3186-8a60-72ca1513b2a5,0a2252ba-33de-322f-8f0a-e5b0141f1780,Lincoln623 Block661,M,GENERAL PRACTICE,632 BLUE  HILL AVENUE,DORCHESTER,MA,021213213,42.2941088,-71.0885355,94,0
0f7326a9-f3e8-3ba2-a3f8-2b538b8f5e74,f6ba791e-fe68-3596-bef4-60751db6a60e,Freeda113 Crooks415,F,GENERAL PRACTICE,37 BIRCH STREET,MILFORD,MA,017575501,42.1424349,-71.48943173357203,1,0
615f839e-2de6-3d50-bc14-594c1ab43c15,9f368e75-397f-3d77-a317-9a005512a4e2,Alta896 Pfannerstill264,F,GENERAL PRACTICE,381 PARK AVE,WORCESTER,MA,016101026,42.2583962,-71.82204240042036,171,0
b4fe8e05-572c-39ba-904f-f7f911ccdb0f,95f6c328-96dd-3fb8-a56e-9aad566094b4,Burton124 Schoen8,M,GENERAL PRACTICE,4 STONY HILL ROAD,WILBRAHAM,MA,010951027,42.1552861,-72.48384800788648,15,0
541416de-4484-3e61-a1c9-cdc98c8f145c,da2e8443-a0d6-3e87-b651-e2697615f4b5,Rutha66 Bergstrom287,F,GENERAL PRACTICE,2000 WASHINGTON ST,NEWTON,MA,024621624,42.332192250000006,-71.24597794166553,36,0
af46d310-796c-3e39-8725-842f50dd33b6,035b7574-2fec-3922-8b57-2388164422e6,Shella455 Reichel38,F,GENERAL PRACTICE,874 PURCHASE ST,NEW BEDFORD,MA,027406232,41.636177,-70.926054,49,0
72fa54fb-7bb9-3f34-b907-f1b86437574a,6d16a8e3-3569-38ab-afac-a2f8c1125085,José María211 Carrasco324,M,GENERAL PRACTICE,1010 WALTHAM STREET,LEXINGTON,MA,024218052,42.4139392,-71.22929265883278,18,0
29cf6415-6416-31a6-be97-41900b53d41d,486bf543-9696-3d51-aa70-28a3044ce490,Chad48 Weissnat378,M,GENERAL PRACTICE,777 NORTH STREET,PITTSFIELD,MA,012014147,42.46054825,-73.24880457390918,59,0
48680e91-c989-3bd1-a973-2f908bb0f36b,91808f17-7583-32a3-aa55-23b131b327c7,Leonie332 Wunsch504,F,GENERAL PRACTICE,200 CORDWAINER DR,NORWELL,MA,020611671,42.16352995,-70.8846291501739,32,0
a64a2838-b90d-3dd5-b679-5678c130405e,02d7b144-352f-3eac-97db-6fc4a95bf1fa,Greta919 Reinger292,F,GENERAL PRACTICE,120 SEMINARY AVENUE,AUBURNDALE,MA,024662650,42.34002614299451,-71.24911543639162,8,0
73e2f79f-1e33-362d-bb68-fcc52a3b0719,53f086de-2fc7-3d35-92c2-aca4ed944e7f,Chang901 Kutch271,M,GENERAL PRACTICE,1 GENERAL ST,LAWRENCE,MA,018412961,42.7097143,-71.15007700778098,149,0
abfe1722-4938-38c3-9e66-156b9670af68,44fc48e3-3fcf-3cea-b879-18d33cd93486,Malcolm243 Strosin214,M,GENERAL PRACTICE,146 DEAN ST,TAUNTON,MA,027802716,41.90428012423625,-71.0752596159568,1,0
d2a6e264-5b88-39d9-8e82-2cc12779d894,20f63278-6709-3195-b767-782d2a10bd5c,Jamie386 Krajcik437,M,GENERAL PRACTICE,640 CONCORD AVENUE,CAMBRIDGE,MA,021381116,42.389222000000004,-71.14799280677965,10,0
11c8f2b5-cfc0-3e8f-9f60-5cf0c917354c,c709c5eb-ddd7-3778-84f7-0931a4d1c718,Jim478 Goyette777,M,GENERAL PRACTICE,1200 CENTRE ST,ROSLINDALE,MA,021311000,42.29768,-71.130463,10,0
1b48d68c-4d3d-3ef9-80d0-4b8d200cd10d,079dd7d3-2003-331d-b49a-1b5c1b2870cb,María Eugenia578 Rentería94,F,GENERAL PRACTICE,200 MILL ROAD SUITE 120,FAIRHAVEN,MA,027195252,41.650636,-70.88137185966522,1,0
3e66526d-f5a3-30ef-a531-cfbf294bed50,c05d73d0-b348-32ce-9fe5-13a720950f37,Abraham100 McDermott739,M,GENERAL PRACTICE,45 DRUM HILL RD,CHELMSFORD,MA,018241503,42.6255635,-71.3615131,26,0
d5cf1570-b85b-32be-aafb-7916baf5762c,d70d47dc-b40c-3a04-8342-35cbfe716409,Lakenya863 Hilpert278,F,GENERAL PRACTICE,83 LITTLEFIELD RD,NEWTON,MA,024593010,42.3104327,-71.18883283411856,24,0
2e7b36f0-c189-3480-b29a-d9c330a70ca1,0592d4e5-a0fb-3143-83cd-8e5a6b066a96,Anderson154 Lemke654,M,GENERAL PRACTICE,20 EAST ST,HANOVER,MA,023391638,42.1278249,-70.82664947485381,85,0
7757fcad-9203-3961-a009-24a6bf4a5aaf,6b9c5830-a278-38ff-887f-ccefd74cf8e8,Fawn386 Hettinger594,F,GENERAL PRACTICE,184 LINCOLN STREET,NORTH EASTON,MA,023561799,42.06665855,-71.11947646404934,2,0
45f6af8e-41ef-375e-a0d9-85d3e09aa769,ba07b31b-bf14-39b8-be95-4c5ca5062daa,Hermelinda327 Hyatt152,F,GENERAL PRACTICE,1575 CAMBRIDGE ST,CAMBRIDGE,MA,021384308,42.375209549999994,-71.10711344152975,24,0
5be23c41-9ae6-3dca-b8dd-dffee64d1cd1,6aae7a31-90df-3455-ad8d-81f8cf2d21e8,Houston994 Funk324,M,GENERAL PRACTICE,680 CENTRE ST,BROCKTON,MA,023023308,42.0872752,-70.9910738855076,77,0
